INSERT INTO `stc_user_level` (`level_id`, `level_name`) VALUES
(1, 'Super Administrator'),
(2, 'Administrator'),
(3, 'Regional Manager'),
(4, 'Deport Officer'),
(5, 'Data Entry Operator'),
(6, 'Reportor');

INSERT INTO `stc_region` (`region_id`, `region_txt`, `region_code`, `priority`) VALUES
(1, 'AMPARA REGION', 'AMP', 0),
(2, 'ANURADHAPURA REGION', 'ANU', 0),
(3, 'BADULLA REGION', 'BAD', 0),
(4, 'COLOMBO REGION', 'COL', 0),
(5, 'JAFFNA REGION', 'JAF', 0),
(6, 'KURUNEGALA REGION', 'KUR', 0),
(7, 'KANDY REGION', 'KAN', 0),
(8, 'KALDEMULLA', 'KAL', 0),
(9, 'MATARA REGION', 'MTA', 0),
(10, 'MONARAGALA REGION', 'MON', 0),
(11, 'NUWARA ELIYA REGION', 'NUW', 0),
(12, 'POLONNARUWA REGION', 'POL', 0),
(13, 'RATHNAPURA REGION', 'RTA', 0),
(18, 'MECHANICAL WORKSHOP', 'MEC', 1),
(19, 'BOOSSA', 'BOO', 0),
(20, 'KEPPETIPOLA', 'KEP', 0);

INSERT INTO `stc_depot` (`depot_id`, `depot_txt`, `deport_tel`, `deport_image`, `priority`, `sortid`, `region_id`) VALUES
('1', 'WAYSIDE SALES', '', '', 1, 0, 1),
('10', 'AGENCY DEPOT SAINDAMARADU', '', '', 1, 0, 1),
('100', 'PELIYAGODA DEPOT', '', '', 0, 0, 4),
('101', 'AMPARA FURNITURE PLANT', '', '', 1, 0, 1),
('102', 'NELUNDENIYA DEPOT 2', '', '', 1, 0, 7),
('103', 'FURNITURE PLANT', '', '', 1, 0, 8),
('104', 'SEASONING AND IMPREG PLANT', '', '', 1, 0, 8),
('105', 'BOOSSA SEAS. AND IMPREG. PLANT', '', '', 1, 0, 19),
('106', 'KEPPITIPOLA IMP PLANT', '', '', 1, 0, 20),
('107', 'FURNITURE PLANT SAW MILL', '', '', 1, 0, 1),
('108', 'FURNITURE PLANT SAW MILL(Temp)', '', '', 1, 0, 1),
('109', 'MEDAWACHCHIYA SAW MILL', '', '', 1, 0, 2),
('11', 'KATHANKUDY AGENCY DEPOT', '', '', 1, 0, 1),
('110', 'TALAWA SAW MILL', '', '', 1, 0, 2),
('111', 'PADAVIYA SAW MILL', '', '', 1, 0, 2),
('112', 'BORALANDA SAW MILL', '', '', 1, 0, 3),
('113', 'MELSIRIPURA SAW MILL', '', '', 0, 0, 6),
('114', 'NATTANDIYA SAW MILL', '', '', 1, 0, 6),
('115', 'DAMBULLA ARM', '', '', 1, 0, 7),
('116', 'ETHGALA  SAW MILL', '', '', 1, 0, 7),
('117', 'RATHMALANA SAW MILL', '', '', 1, 0, 8),
('118', 'FURNITURE SAW MILL', '', '', 1, 0, 8),
('119', 'BOOSA SAW MILL', '', '', 1, 0, 19),
('12', 'AGENCY DEPOT SAMMANTHURA', '', '', 1, 0, 1),
('120', 'TALALLA SAW MILL', '', '', 1, 0, 9),
('121', 'BUTTALA SAW MILL', '', '', 1, 0, 10),
('122', 'KEPPITIPOLA SAW MILL', '', '', 1, 0, 20),
('123', 'MINNERIYA SAW MILL', '', '', 1, 0, 12),
('124', 'MIDELANA SAW MILL', '', '', 1, 0, 13),
('125', 'DELA SAW MILL', '', '', 1, 0, 13),
('126', 'TIMBOLKETIYA SAW MILL', '', '', 1, 0, 13),
('127', 'BORALANDA MECH WORK SHOP', '', '', 1, 0, 3),
('128', 'MECH. WORK SHOP', '', '', 1, 0, 18),
('129', 'AMAPRA ARM', '', '', 1, 0, 1),
('13', 'ANURADAPURA DEPOT', '', 'images/deport/A021.JPG', 0, 4, 2),
('130', 'MAHAOYA ARM', '', '', 1, 0, 1),
('131', 'WELIOYA LOGGING PROJ', '', '', 1, 0, 2),
('132', 'ANURADAPURA ARM', '', '', 1, 0, 2),
('133', 'KEBITHIGOLLAWA ARM', '', '', 1, 0, 2),
('134', 'KAHATAGASDIGILIYA ARM', '', '', 1, 0, 2),
('135', 'OHIYA PROJECT', '', '', 1, 0, 3),
('136', 'KINIGAMA NEW PROJECT', '', '', 1, 0, 3),
('137', 'MIRISWATTA NURSERY', '', '', 1, 0, 3),
('138', 'BORALANDA ARM', '', '', 1, 0, 3),
('139', 'BANDARAWELA ARM', '', '', 1, 0, 3),
('14', 'MEDAWACHCHIYA DEPOT', '', 'images/deport/A022.JPG', 0, 5, 2),
('140', 'HIVALKANDURA DEPOT', '', '', 1, 0, 3),
('141', 'MIRIGAMA A.R.M.', '', '', 1, 0, 4),
('142', 'COLOMBO A.R.M.', '', '', 1, 0, 4),
('143', 'KADAWATHA A.R.M.', '', '', 1, 0, 4),
('144', 'PUTTLAM FPU', '', '', 1, 0, 6),
('145', 'KURUNEGALA ARM', '', '', 1, 0, 6),
('146', 'PUTTALAM ARM', '', '', 1, 0, 6),
('147', 'KULIYAPITIYA ARM', '', '', 1, 0, 6),
('148', 'NIKAWARATIYA ARM', '', '', 1, 0, 6),
('149', 'KANDY ARM', '', '', 1, 0, 7),
('15', 'TALAWA DEPOT', '', 'images/deport/A023.JPG', 0, 6, 2),
('150', 'KEGALLE ARM', '', '', 1, 0, 7),
('151', 'MATALE ARM', '', '', 1, 0, 7),
('152', 'ETHGALA A.R.M.', '', '', 1, 0, 7),
('153', 'MIDDENIYA FPU', '', '', 1, 0, 9),
('154', 'USWEWA PROJECT', '', '', 1, 0, 9),
('155', 'AKURESSA ARM', '', '', 1, 0, 9),
('156', 'GALLE ARM', '', '', 1, 0, 9),
('157', 'HAMBANTOTA ARM', '', '', 1, 0, 9),
('158', 'WELLAWAYA ARM', '', '', 1, 0, 10),
('159', 'MONARAGALA ARM', '', '', 1, 0, 10),
('16', 'PADAVIAY DEPOT', '', '', 1, 0, 2),
('160', 'MANTHRI CABLE PROJECT', '', '', 1, 0, 11),
('161', 'NUWARAELIYA ARM', '', '', 1, 0, 11),
('162', 'CONICAL HILL ARM', '', '', 1, 0, 11),
('163', 'NUWARA ELIYA III', '', '', 1, 0, 11),
('164', 'NUWARA ELIYA II', '', '', 1, 0, 11),
('165', 'NUWARA ELIYA I', '', '', 1, 0, 11),
('166', 'MAHAWELI ARM', '', '', 1, 0, 12),
('167', 'TRINCO ARM', '', '', 1, 0, 12),
('168', 'POLONNARUWA / MINNERIYA ARM', '', '', 1, 0, 12),
('169', 'DEHIOWITA FPU', '', '', 1, 0, 13),
('17', 'VAUNIYA DEPOT', '', '', 0, 7, 2),
('170', 'DEHIOWITA ARM', '', '', 1, 0, 13),
('171', 'MATUGAMA ARM', '', '', 1, 0, 13),
('172', 'RATNAPURA ARM', '', '', 1, 0, 13),
('173', 'TIMBOLKETIYA ARM', '', '', 1, 0, 13),
('174', 'BALANGODA ARM', '', '', 1, 0, 13),
('175', 'KUKULEGANGA PROJECT', '', '', 1, 0, 13),
('176', 'TALAWA ARM', '', '', 1, 0, 2),
('177', 'MEDAWACHCHIYA ARM', '', '', 1, 0, 2),
('178', 'BATTICALOA ARM', '', '', 1, 0, 1),
('179', 'DEDURUOYA  ARM', '', '', 1, 0, 6),
('18', 'MANNAR DEPOT', '', '', 1, 0, 2),
('180', 'KATARAGAMA CIRC. BUNGLOW', '', '', 1, 0, 10),
('181', 'KANDPOLA CIRC BUNGLOW', '', '', 1, 0, 11),
('182', 'AMPARA REGIONAL OFFICE', '', '', 1, 0, 1),
('183', 'ANURADAPURA REG.OFFICE', '', '', 1, 0, 2),
('184', 'BADULLA REG. OFFICE', '', '', 1, 0, 3),
('185', 'COLOMBO REG. OFFICE', '', '', 1, 0, 4),
('186', 'JAFFNA REG. OFFICE', '', '', 1, 0, 5),
('187', 'KURUNEGALA REG OFFICE', '', '', 1, 0, 6),
('188', 'KANDY REG OFFICE', '', '', 1, 0, 7),
('189', 'KALDEMULLA OFFICE', '', '', 1, 0, 8),
('19', 'AGENCY DEPOT MANNAR', '', '', 1, 0, 2),
('190', 'MATARA REG.OFFICE', '', '', 1, 0, 9),
('191', 'MONARAGALA REG.OFFICE', '', '', 1, 0, 10),
('192', 'NUWARAELIYA REG. OFFICE', '', '', 1, 0, 11),
('193', 'POLONNWRUWA / MINNERIYA RM', '', '', 1, 0, 12),
('194', 'RATNAPURA REG. OFFICE', '', '', 1, 0, 13),
('195', 'SHOW ROOM BANDARAWELA', '', '', 1, 0, 3),
('196', 'SHOW ROOM', '', '', 1, 0, 8),
('197', 'SHOW ROOM UNAWATUNA', '', '', 1, 0, 9),
('198', 'TALALLA SHOW ROOM', '', '', 1, 0, 9),
('199', 'RATHNAPURA SHOW ROOM', '', '', 1, 0, 13),
('2', 'AMPARA DEPOT', '', '', 0, 1, 1),
('20', 'BORALANDA DEPOT', '', '', 0, 8, 3),
('21', 'BADULLA AGENCY DEPOT', '', '', 1, 0, 3),
('22', 'BANDRAWELA AGENCY DEPOT', '', '', 1, 0, 3),
('23', 'ERABEDDA', '', '', 1, 0, 3),
('24', 'HEEWELKANDURA DEPOT', '', '', 1, 0, 3),
('25', 'UMAOYA DEPOT', '', '', 0, 9, 3),
('26', 'KADAWATHA DEPOT', '', '', 0, 9, 4),
('27', 'MIRIGAMA DEPOT', '', '', 0, 10, 4),
('28', 'ORUGODAWATTA DEPOT', '', '', 1, 0, 4),
('29', 'NAINAMADAMA DEPOT', '', '', 0, 7, 6),
('3', 'PADIYATHALAWA DEPOT', '', '', 0, 2, 1),
('30', 'WILLORAWATTE DEPOT', '', '', 0, 11, 4),
('31', 'KALDEMULLA NEW DEPOT', '', '', 0, 12, 4),
('32', 'EGODAUYANA DEPOT', '', '', 0, 13, 4),
('33', 'MORATUMULLA DEPOT', '', '', 0, 14, 4),
('34', 'MORATUMULLA - II DEPOT', '', '', 1, 0, 4),
('35', 'PANNIPITIYA DEPOT', '', '', 0, 15, 4),
('36', 'SUWARAPOLA AGENCY DEPOT', '', '', 1, 0, 4),
('37', 'PILIYANDALA DEPOT', '', 'images/deport/239.jpg', 0, 16, 4),
('38', 'CHANKANAI DEPOT', '', '', 1, 0, 5),
('39', 'NALLUR DEPOT', '', '', 0, 3, 5),
('4', 'BATTICALOA DEPOT', '', '', 0, 3, 1),
('40', 'KANKASANTHURAI DEPOT', '', '', 1, 0, 5),
('41', 'KOKUVIL DEPOT', '', '', 1, 0, 5),
('42', 'VADUKKODAI DEPOT', '', '', 1, 0, 5),
('43', 'VELVETTITHURAI DEPOT', '', '', 1, 0, 5),
('44', 'JAFFNA DEPOT', '', '', 0, 4, 5),
('45', 'CHAVAKCHCHERI DEPOT', '', '', 1, 0, 5),
('46', 'ODDUSUDAN', '', '', 0, 2, 5),
('47', 'KANKANIYAMULL DEPOT', '', '', 0, 1, 6),
('48', 'KURUNEGALA DEPOT', '', '', 0, 2, 6),
('49', 'NIKAWERATIYA DEPOT', '', '', 0, 3, 6),
('5', 'POTUVIL DEPOT', '', '', 1, 0, 1),
('50', 'MELSIRIPURA DEPOT', '', 'images/deport/A104.JPG', 0, 4, 6),
('51', 'PUTTLAM DEPOT', '', '', 0, 5, 6),
('52', 'ANAMADUWA DEPOT', '', '', 1, 0, 6),
('53', 'NARAMMALA DEPOT', '', '', 1, 0, 6),
('54', 'MAKULPOTHA', '', '', 1, 0, 6),
('55', 'BINGIRIYA', '', '', 0, 5, 6),
('56', 'PALLEKELLE DEPOT', '', '', 0, 1, 7),
('57', 'MATALE DEPOT', '', '', 0, 2, 7),
('58', 'NELUNDENIYA DEPOT', '', '', 0, 3, 7),
('59', 'ETHGALA DEPOT', '', '', 0, 4, 7),
('6', 'AGENCY DEPOT AKKARIPATTU II', '', '', 1, 0, 1),
('60', 'DAMBULUOYA DEPOT', '', '', 0, 5, 7),
('61', 'NAULA DEPOT', '', '', 0, 6, 7),
('62', 'NAULA NEW DEPOT', '', '', 0, 7, 7),
('63', 'RATMALANA DEPOT', '', '', 0, 17, 4),
('64', 'KALDEMULLA DEPOT', '', '', 0, 0, 8),
('65', 'BOOSA DEPOT', '', '', 0, 1, 19),
('66', 'HAMBANTOTA DEPOT', '', '', 0, 1, 9),
('67', 'MATARA DEPOT', '', '', 1, 0, 9),
('68', 'UNAWATUNA DEPOT', '', '', 0, 2, 9),
('69', 'AMBALANGODA DEPOT', '', '', 0, 3, 9),
('7', 'AGENCY DEPOT NINDAVUR I', '', '', 1, 0, 1),
('70', 'BELIATTA DEPOT', '', '', 1, 0, 9),
('71', 'KAHADUWA', '', '', 1, 0, 9),
('72', 'WELIGAMA', '', '', 1, 0, 9),
('73', 'TALALLA DEPOT', '', '', 0, 4, 9),
('74', 'BUTTALA DEPOT', '', '', 1, 0, 10),
('75', 'WELLAWAYA', '', '', 0, 2, 10),
('76', 'NUWARA ELIYA DEPOT', '', '', 0, 1, 11),
('77', 'KEPPITIPOLA DEPOT', '', '', 0, 1, 20),
('78', 'KITULGALA DEPOT', '', '', 0, 2, 11),
('79', 'HARASBEDDA DEPOT', '', '', 0, 3, 11),
('8', 'AGENCY DEPOT NINDAVUR II', '', '', 1, 0, 1),
('80', 'MANAPITIYA / KADURUWELLA DEPOT', '', '', 0, 1, 12),
('81', 'SANDUNPURA DEPOT', '', '', 1, 0, 12),
('82', 'TRINCO DEPOT', '', '', 1, 0, 12),
('83', 'CHINA BAY DEPOT', '', '', 0, 2, 12),
('84', 'MINNERIYA DEPOT', '', '', 0, 3, 12),
('85', 'HABARANA DEPOT', '', '', 0, 0, 12),
('86', 'DELA DEPOT', '', '', 0, 1, 13),
('87', 'MIDELANA DEPOT', '', '', 1, 0, 13),
('88', 'BERUWALA DEPOT', '', '', 0, 2, 13),
('89', 'EMBILIPITIYA DEPOT', '', '', 1, 0, 13),
('9', 'AGENCY DEPOT KALMUNAI I', '', '', 1, 0, 1),
('90', 'TIMBOLKETIYA DEPOT', '', '', 0, 3, 13),
('91', 'MATUGAMA NEW DEPOT', '', '', 0, 4, 13),
('92', 'EGNCY DEPOT HORANA', '', '', 1, 0, 13),
('93', 'HADAPANGODA DEPOT', '', '', 1, 0, 13),
('94', 'KILINOCHCHI DEPOT', '', '', 0, 1, 5),
('95', 'KUMBUKANA  DEPOT', '', '', 0, 1, 10),
('96', 'DEHIOWITA DEPOT', '', '', 0, 0, 13),
('97', 'PADIYATHALAWA1', '', '', 1, 0, 1),
('98', 'BALANGODA DEPOT', '', '', 1, 0, 13),
('99', 'INGIRIYA DEPOT', '', '', 1, 0, 13);









INSERT INTO `stc_user` (`id`, `password`, `last_login`, `is_superuser`, `username`, `first_name`, `last_name`, `email`, `is_staff`, `is_active`, `date_joined`, `status`, `depot_id`, `region_id`, `user_level_id`) VALUES
(1, 'pbkdf2_sha256$390000$DzjMkEsbL4BeI0eRuCST8o$xsWywlDMmGGViRxYSf8BZLLUQgND75kYzG8Y5vQW0w4=', '2023-10-13 06:27:50.025611', 1, 'admin', '', '', 'admin@gmail.com', 1, 1, '2023-09-20', '0', '1', 1, 1),
(20, 'pbkdf2_sha256$390000$ioqx4iq8zPvXAlITZah0GZ$0tgSamHb2tTOvZRSGU/hPZqZLxPG2qag6NOfRCY5zno=', '2023-09-26 05:36:11.157350', 1, 'upali', '', '', '', 1, 1, '2023-09-20', '0', '1', 1, 1),
(45, 'pbkdf2_sha256$390000$2xKBU1fEg9AdPMjmozVNvf$c7flBdJ+ubYV4FDbL2Wb3k3ZGAzhTzaA/5UzLrz/VQ4=', '2023-09-26 05:41:00.454724', 1, 'kadawatha_do', '', '', '', 1, 1, '2023-09-20', '0', '1', 1, 1),
(67, 'pbkdf2_sha256$390000$yNVkpIdSQVGlVFNuhhAOGA$yxb9Ple2K2jIf7kyFYUstmo75HbLdX0Szymm6LkeF38=', NULL, 0, 'boossa_do', '', '', '', 0, 0, '2023-09-20', '0', '1', 1, 2),
(79, 'pbkdf2_sha256$390000$azPWjQvx37df45VWNZqkex$/UhytVWaYZTuFO1wKzS6EZDxb5Qb6Co4d0GbF6sh6tk=', NULL, 0, 'matugama_do', '', '', '', 0, 0, '2023-09-20', '0', '1', 1, 2),
(80, 'pbkdf2_sha256$390000$REuI7yU5keswfHnqZ0MJo8$E26EyeDCT1RGHCdU9rPz/Sz/cmgC2mUsIuAyL9/4OdA=', NULL, 0, 'wellawaya_do', '', '', '', 0, 0, '2023-09-20', '0', '1', 1, 2),
(88, 'pbkdf2_sha256$390000$L4MDWr1R1KPwbaJm9x6iwQ$XkMGXEBWlNfmtD8WNdOmA0U80Z291PmIbC4v/mE3J7E=', NULL, 0, 'mirigama_do', '', '', '', 0, 0, '2023-09-20', '0', '1', 1, 3),
(95, 'pbkdf2_sha256$390000$sBc3ZnNGy0JIcO2N1mFs4z$0oUSxQVVVpeaD0Sjf5kkDE7Rn+Ds+3ThcTUauR/Hkzw=', NULL, 0, 'chinabay_do', '', '', '', 0, 0, '2023-09-20', '0', '1', 1, 3),
(109, 'pbkdf2_sha256$390000$gcGpQkaKrYedPdLsN7Yq69$2tyERXeYIhyc/nnjT9ciIl0I5u1VMylY+69JfEflS2g=', NULL, 0, 'nikaweratiya_do', '', '', '', 0, 0, '2023-09-20', '0', '1', 1, 3),
(110, 'pbkdf2_sha256$390000$Bd4wqsdGX7UP0CIfw6QVfN$yhYlhL6nkDzyrxLQWAWPLy4tIiWY8zxMaYfiwNU+aZ0=', NULL, 0, 'keppitipola_de', '', '', '', 0, 0, '2023-09-20', '0', '1', 1, 4),
(115, 'pbkdf2_sha256$390000$NtMEsVhheFRqgixjhWL5gg$4SCW+TLPRFybL/5Nbp5nDRhUgwE1ykR3O0r2M/2S91Q=', NULL, 0, 'boralanda_de', '', '', '', 0, 0, '2023-09-20', '0', '1', 1, 4),
(133, 'pbkdf2_sha256$390000$lXWtX4RihBkoSFMqk9aF46$cqghzJCuVEsJny6z/l3fev9QK5JZ91Nhlm0jwd5ytB4=', NULL, 0, 'kadawatha_de2', '', '', '', 0, 0, '2023-09-20', '0', '1', 1, 4),
(141, 'pbkdf2_sha256$390000$BXFEwz1tDP4UVPg8fnQDBo$x67LDxJWb1H5bjMVfrQ4iysSbwnJGCQVKw0B5WPir6I=', NULL, 0, 'kan_acc', '', '', '', 0, 0, '2023-09-20', '0', '1', 1, 4),
(145, 'pbkdf2_sha256$390000$xm2MAKL1eEDnoNNppX7BZz$XLCa9SkAyHAtX7NPV5/ks1JabjybvnYjyUX+AAwQGnM=', NULL, 0, 'kal_acc', '', '', '', 0, 0, '2023-09-20', '0', '1', 1, 4),
(146, 'pbkdf2_sha256$390000$KOijFTk0NM05T0KEPyuMHQ$ZCQrI3VMxkw+LYZbHNYYqL5bcjvfCU7bYJvzS9LwsbM=', NULL, 0, 'mta_acc', '', '', '', 0, 0, '2023-09-20', '0', '1', 1, 5),
(148, 'pbkdf2_sha256$390000$7YvEqu9eRwoxK97GIEhJlO$m4XmxSHbDtKukbOpYyc+t/cY2lAFcu2lfE6gEMTedX8=', NULL, 0, 'col_acc', '', '', '', 0, 0, '2023-09-20', '0', '1', 1, 5),
(150, 'pbkdf2_sha256$390000$XsEo5AylOQKIWDTphPkYvV$NpaM3he+cDNHNwaA8O9y4rSxfKD12L+gCUtmbtvHeXc=', NULL, 0, 'pol_acc', '', '', '', 0, 0, '2023-09-20', '0', '1', 1, 5),
(155, 'pbkdf2_sha256$390000$6hhWr169YhHwFjg5NjFyd4$i5e7k0qmatP4pFpDpqQ9hIOSOEflohreUul/5P7UFQc=', NULL, 0, 'mta_rm', '', '', '', 0, 0, '2023-09-20', '0', '1', 1, 5);



INSERT INTO `stc_master_data_old` (`material_no`, `length`, `girth`, `volume`, `reduced_volume`, `time`, `visible_material_no`, `qr_id`, `category`, `timber_class`, `specis`, `active`, `lot_no`, `sale_price`, `value_grade`, `value_price`, `transCost`, `doc_date`, `gradeInCoupe`, `soldGrade`, `workingSheetNo`, `auctionLotSheetNo`, `percentage`, `yiel_d`, `logType`, `depot_id`, `region_id`, `user_id`) VALUES
(17713, 7.30, 0.52, 159.00, 159.00, '09:42:11.000000', '11-2991BS', '', 'Logs', '1', 'UTEL', 1, '', 4048.14, 'B', 25.46, 0.00, NULL, '', '', '', '', 0.00, 0.00, '','A001', 1, 1),
(17714, 2.70, 0.41, 39.00, 39.00, '09:42:11.000000', '11-2992BS', NULL, 'Logs', '1', 'UTEL', 2, '', 701.22, 'B', 17.98, 0.00, NULL, '', '', '', '', 0.00, 0.00, '','A001', 1, 1),
(17715, 2.70, 0.32, 23.00, 23.00, '09:42:11.000000', '11-2993BS', NULL, 'Logs', '1', 'UTEL', 2, '340/2011', 375.87, '', 0.00, 0.00, NULL, '', '', '', '', 0.00, 0.00, '','A001', 1, 1),
(17716, 7.50, 0.56, 190.00, 190.00, '09:42:11.000000', '11-2994BS', NULL, 'Logs', '1', 'UTEL', 2, '', 4837.40, 'B', 25.46, 0.00, NULL, '', '', '', '', 0.00, 0.00, '','A001', 1, 1),
(20585, 7.70, 0.65, 270.00, 270.00, '09:42:11.000000', '11-4130BS', NULL, 'Logs', '1', 'UTEL', 2, '', 10100.70, 'B', 37.41, 0.00, NULL, '', '', '', '', 0.00, 0.00, '','A001', 1, 1),
(20586, 6.70, 0.48, 125.00, 125.00, '09:42:11.000000', '11-4131BS', NULL, 'Logs', '1', 'UTEL', 2, '', 2867.50, 'B', 22.94, 0.00, NULL, '', '', '', '', 0.00, 0.00, '','A001', 1, 1),
(20587, 7.50, 0.51, 164.00, 164.00, '09:42:11.000000', '11-4132BS', NULL, 'Logs', '1', 'UTEL', 2, '', 4175.44, 'B', 25.46, 0.00, NULL, '', '', '', '', 0.00, 0.00, '','A001', 1, 1),
(20588, 1.30, 0.36, 14.00, 14.00, '09:42:11.000000', '11-4133BS', NULL, 'Logs', '1', 'UTEL', 2, '246/2011', 161.13, '', 0.00, 0.00, NULL, '', '', '', '', 0.00, 0.00, '','A001', 1, 1),
(20589, 1.30, 0.31, 11.00, 11.00, '09:42:11.000000', '11-4134BS', NULL, 'Logs', '1', 'UTEL', 2, '246/2011', 126.60, '', 0.00, 0.00, NULL, '', '', '', '', 0.00, 0.00, '','A001', 1, 1);

